fecha_consulta,origen,destino,fecha_salida,hora_salida,hora_llegada,duracion_minutos,escalas,aerolinea,numero_vuelo,clase,asientos_disponibles,precio_total,precio_base,impuestos,aeropuertos_escala,ruta_completa
2025-11-29 03:40:38,MAD,DPS,2026-07-08,22:05:00,22:20:00,1095,1,EK,EK144,ECONOMY,3,907.41,503.0,404.41,DXB,"MAD,DXB,DPS"
2025-11-29 03:40:43,MAD,DPS,2026-07-09,22:05:00,22:20:00,1095,1,EK,EK144,ECONOMY,3,907.41,503.0,404.41,DXB,"MAD,DXB,DPS"
2025-11-29 03:40:53,MAD,DPS,2026-07-10,22:05:00,22:20:00,1095,1,EK,EK144,ECONOMY,3,907.41,503.0,404.41,DXB,"MAD,DXB,DPS"
2025-11-29 03:40:59,MAD,DPS,2026-07-11,22:05:00,22:20:00,1095,1,EK,EK144,ECONOMY,3,907.41,503.0,404.41,DXB,"MAD,DXB,DPS"
2025-11-29 03:41:05,MAD,DPS,2026-07-12,22:05:00,22:20:00,1095,1,EK,EK144,ECONOMY,3,882.41,478.0,404.41,DXB,"MAD,DXB,DPS"
2025-11-29 03:41:10,BCN,DPS,2026-07-08,16:15:00,16:35:00,1100,1,EK,EK186,ECONOMY,3,896.71,496.0,400.71,DXB,"BCN,DXB,DPS"
2025-11-29 03:41:16,BCN,DPS,2026-07-09,16:15:00,16:35:00,1100,1,EK,EK186,ECONOMY,3,896.71,496.0,400.71,DXB,"BCN,DXB,DPS"
2025-11-29 03:41:27,BCN,DPS,2026-07-11,16:15:00,16:35:00,1100,1,EK,EK186,ECONOMY,3,896.71,496.0,400.71,DXB,"BCN,DXB,DPS"
2025-11-29 03:41:32,BCN,DPS,2026-07-12,16:15:00,16:35:00,1100,1,EK,EK186,ECONOMY,3,871.71,471.0,400.71,DXB,"BCN,DXB,DPS"
2025-11-29 08:23:41,MAD,DPS,2026-07-09,22:05:00,22:20:00,1095,1,EK,EK144,ECONOMY,3,907.41,503.0,404.41,DXB,"MAD,DXB,DPS"
2025-11-29 08:23:47,MAD,DPS,2026-07-10,22:05:00,22:20:00,1095,1,EK,EK144,ECONOMY,3,907.41,503.0,404.41,DXB,"MAD,DXB,DPS"
2025-11-29 08:23:52,MAD,DPS,2026-07-11,22:05:00,22:20:00,1095,1,EK,EK144,ECONOMY,3,907.41,503.0,404.41,DXB,"MAD,DXB,DPS"
2025-11-29 08:23:58,MAD,DPS,2026-07-12,22:05:00,22:20:00,1095,1,EK,EK144,ECONOMY,3,882.41,478.0,404.41,DXB,"MAD,DXB,DPS"
2025-11-29 08:24:18,BCN,DPS,2026-07-11,16:15:00,16:35:00,1100,1,EK,EK186,ECONOMY,3,896.71,496.0,400.71,DXB,"BCN,DXB,DPS"
2025-11-29 08:24:23,BCN,DPS,2026-07-12,16:15:00,16:35:00,1100,1,EK,EK186,ECONOMY,3,871.71,471.0,400.71,DXB,"BCN,DXB,DPS"
2025-11-30 08:22:45,MAD,DPS,2026-07-09,22:05:00,22:20:00,1095,1,EK,EK144,ECONOMY,3,907.41,503.0,404.41,DXB,"MAD,DXB,DPS"
2025-11-30 08:22:51,MAD,DPS,2026-07-10,22:05:00,22:20:00,1095,1,EK,EK144,ECONOMY,3,907.41,503.0,404.41,DXB,"MAD,DXB,DPS"
2025-11-30 08:22:57,MAD,DPS,2026-07-11,22:05:00,22:20:00,1095,1,EK,EK144,ECONOMY,3,907.41,503.0,404.41,DXB,"MAD,DXB,DPS"
2025-11-30 08:23:03,MAD,DPS,2026-07-12,22:05:00,22:20:00,1095,1,EK,EK144,ECONOMY,3,882.41,478.0,404.41,DXB,"MAD,DXB,DPS"
2025-11-30 08:23:23,BCN,DPS,2026-07-11,16:15:00,16:35:00,1100,1,EK,EK186,ECONOMY,3,896.71,496.0,400.71,DXB,"BCN,DXB,DPS"
2025-11-30 08:23:29,BCN,DPS,2026-07-12,16:15:00,16:35:00,1100,1,EK,EK186,ECONOMY,3,871.71,471.0,400.71,DXB,"BCN,DXB,DPS"
2025-12-01 08:30:18,MAD,DPS,2026-07-09,22:05:00,22:20:00,1095,1,EK,EK144,ECONOMY,3,907.41,503.0,404.41,DXB,"MAD,DXB,DPS"
2025-12-01 08:30:24,MAD,DPS,2026-07-10,22:05:00,22:20:00,1095,1,EK,EK144,ECONOMY,3,907.41,503.0,404.41,DXB,"MAD,DXB,DPS"
2025-12-01 08:30:30,MAD,DPS,2026-07-11,22:05:00,22:20:00,1095,1,EK,EK144,ECONOMY,3,907.41,503.0,404.41,DXB,"MAD,DXB,DPS"
2025-12-01 08:30:39,MAD,DPS,2026-07-12,22:05:00,22:20:00,1095,1,EK,EK144,ECONOMY,3,882.41,478.0,404.41,DXB,"MAD,DXB,DPS"
2025-12-01 08:31:01,BCN,DPS,2026-07-11,16:15:00,16:35:00,1100,1,EK,EK186,ECONOMY,3,896.71,496.0,400.71,DXB,"BCN,DXB,DPS"
2025-12-01 08:31:06,BCN,DPS,2026-07-12,16:15:00,16:35:00,1100,1,EK,EK186,ECONOMY,3,871.71,471.0,400.71,DXB,"BCN,DXB,DPS"
2025-12-02 08:27:48,MAD,DPS,2026-07-08,22:05:00,22:20:00,1095,1,EK,EK144,ECONOMY,3,907.39,503.0,404.39,DXB,"MAD,DXB,DPS"
2025-12-02 08:27:57,MAD,DPS,2026-07-09,22:05:00,22:20:00,1095,1,EK,EK144,ECONOMY,3,907.39,503.0,404.39,DXB,"MAD,DXB,DPS"
2025-12-02 08:28:04,MAD,DPS,2026-07-10,22:05:00,22:20:00,1095,1,EK,EK144,ECONOMY,3,907.39,503.0,404.39,DXB,"MAD,DXB,DPS"
2025-12-02 08:28:11,MAD,DPS,2026-07-11,22:05:00,22:20:00,1095,1,EK,EK144,ECONOMY,3,907.39,503.0,404.39,DXB,"MAD,DXB,DPS"
2025-12-02 08:28:17,MAD,DPS,2026-07-12,22:05:00,22:20:00,1095,1,EK,EK144,ECONOMY,3,882.39,478.0,404.39,DXB,"MAD,DXB,DPS"
2025-12-02 08:28:39,BCN,DPS,2026-07-11,16:15:00,16:35:00,1100,1,EK,EK186,ECONOMY,3,896.69,496.0,400.69,DXB,"BCN,DXB,DPS"
2025-12-02 08:28:50,BCN,DPS,2026-07-12,16:15:00,16:35:00,1100,1,EK,EK186,ECONOMY,3,871.69,471.0,400.69,DXB,"BCN,DXB,DPS"

2025-12-03 08:27:12,MAD,DPS,2026-07-09,22:05:00,22:20:00,1095,1,EK,EK144,ECONOMY,3,907.34,503.0,404.34,DXB,"MAD,DXB,DPS"
2025-12-03 08:27:21,MAD,DPS,2026-07-10,22:05:00,22:20:00,1095,1,EK,EK144,ECONOMY,3,907.34,503.0,404.34,DXB,"MAD,DXB,DPS"
2025-12-03 08:27:29,MAD,DPS,2026-07-11,22:05:00,22:20:00,1095,1,EK,EK144,ECONOMY,3,907.34,503.0,404.34,DXB,"MAD,DXB,DPS"
2025-12-03 08:27:35,MAD,DPS,2026-07-12,22:05:00,22:20:00,1095,1,EK,EK144,ECONOMY,3,882.34,478.0,404.34,DXB,"MAD,DXB,DPS"
2025-12-03 08:27:52,BCN,DPS,2026-07-10,16:15:00,16:35:00,1100,1,EK,EK186,ECONOMY,3,896.64,496.0,400.64,DXB,"BCN,DXB,DPS"
2025-12-03 08:27:59,BCN,DPS,2026-07-11,16:15:00,16:35:00,1100,1,EK,EK186,ECONOMY,3,896.64,496.0,400.64,DXB,"BCN,DXB,DPS"
2025-12-03 08:28:04,BCN,DPS,2026-07-12,16:15:00,16:35:00,1100,1,EK,EK186,ECONOMY,3,871.64,471.0,400.64,DXB,"BCN,DXB,DPS"
2025-12-04 08:27:34,MAD,DPS,2026-07-09,22:05:00,22:20:00,1095,1,EK,EK144,ECONOMY,9,1045.35,641.0,404.35,DXB,"MAD,DXB,DPS"
2025-12-04 08:27:50,MAD,DPS,2026-07-11,22:05:00,22:20:00,1095,1,EK,EK144,ECONOMY,9,1045.35,641.0,404.35,DXB,"MAD,DXB,DPS"
2025-12-04 08:28:22,BCN,DPS,2026-07-11,21:25:00,22:20:00,1135,1,EK,EK188,ECONOMY,9,1034.65,634.0,400.65,DXB,"BCN,DXB,DPS"
2025-12-04 08:28:27,BCN,DPS,2026-07-12,21:25:00,22:20:00,1135,1,EK,EK188,ECONOMY,9,1009.65,609.0,400.65,DXB,"BCN,DXB,DPS"
2025-12-05 08:26:09,MAD,DPS,2026-07-08,22:05:00,22:20:00,1095,1,EK,EK144,ECONOMY,9,1045.21,641.0,404.21,DXB,"MAD,DXB,DPS"
2025-12-05 08:26:14,MAD,DPS,2026-07-09,22:05:00,22:20:00,1095,1,EK,EK144,ECONOMY,9,1045.21,641.0,404.21,DXB,"MAD,DXB,DPS"
2025-12-05 08:26:30,MAD,DPS,2026-07-11,22:05:00,22:20:00,1095,1,EK,EK144,ECONOMY,9,1045.21,641.0,404.21,DXB,"MAD,DXB,DPS"
2025-12-05 08:26:36,MAD,DPS,2026-07-12,22:05:00,22:20:00,1095,1,EK,EK144,ECONOMY,9,1020.21,616.0,404.21,DXB,"MAD,DXB,DPS"
2025-12-05 08:26:53,BCN,DPS,2026-07-11,21:25:00,22:20:00,1135,1,EK,EK188,ECONOMY,9,1034.51,634.0,400.51,DXB,"BCN,DXB,DPS"
2025-12-05 08:26:58,BCN,DPS,2026-07-12,21:25:00,22:20:00,1135,1,EK,EK188,ECONOMY,9,1009.51,609.0,400.51,DXB,"BCN,DXB,DPS"
2025-12-06 08:23:18,MAD,DPS,2026-07-08,22:05:00,22:20:00,1095,1,EK,EK144,ECONOMY,9,1045.16,641.0,404.16,DXB,"MAD,DXB,DPS"
2025-12-06 08:23:23,MAD,DPS,2026-07-09,22:05:00,22:20:00,1095,1,EK,EK144,ECONOMY,9,1045.16,641.0,404.16,DXB,"MAD,DXB,DPS"
2025-12-06 08:23:34,MAD,DPS,2026-07-11,22:05:00,22:20:00,1095,1,EK,EK144,ECONOMY,9,1045.16,641.0,404.16,DXB,"MAD,DXB,DPS"
2025-12-06 08:23:39,MAD,DPS,2026-07-12,22:05:00,22:20:00,1095,1,EK,EK144,ECONOMY,9,1020.16,616.0,404.16,DXB,"MAD,DXB,DPS"
2025-12-06 08:23:59,BCN,DPS,2026-07-11,21:25:00,22:20:00,1135,1,EK,EK188,ECONOMY,9,1034.46,634.0,400.46,DXB,"BCN,DXB,DPS"
2025-12-06 08:24:04,BCN,DPS,2026-07-12,21:25:00,22:20:00,1135,1,EK,EK188,ECONOMY,9,1009.46,609.0,400.46,DXB,"BCN,DXB,DPS"
2025-12-07 08:22:40,MAD,DPS,2026-07-08,22:05:00,22:20:00,1095,1,EK,EK144,ECONOMY,9,1045.16,641.0,404.16,DXB,"MAD,DXB,DPS"
2025-12-07 08:22:45,MAD,DPS,2026-07-09,22:05:00,22:20:00,1095,1,EK,EK144,ECONOMY,9,1045.16,641.0,404.16,DXB,"MAD,DXB,DPS"
2025-12-07 08:22:56,MAD,DPS,2026-07-11,22:05:00,22:20:00,1095,1,EK,EK144,ECONOMY,9,1045.16,641.0,404.16,DXB,"MAD,DXB,DPS"
2025-12-07 08:23:01,MAD,DPS,2026-07-12,22:05:00,22:20:00,1095,1,EK,EK144,ECONOMY,9,1020.16,616.0,404.16,DXB,"MAD,DXB,DPS"
2025-12-07 08:23:21,BCN,DPS,2026-07-11,21:25:00,22:20:00,1135,1,EK,EK188,ECONOMY,9,1034.46,634.0,400.46,DXB,"BCN,DXB,DPS"
2025-12-07 08:23:26,BCN,DPS,2026-07-12,21:25:00,22:20:00,1135,1,EK,EK188,ECONOMY,9,1009.46,609.0,400.46,DXB,"BCN,DXB,DPS"
2025-12-08 08:29:42,MAD,DPS,2026-07-08,22:05:00,22:20:00,1095,1,EK,EK144,ECONOMY,9,1045.16,641.0,404.16,DXB,"MAD,DXB,DPS"
2025-12-08 08:29:48,MAD,DPS,2026-07-09,22:05:00,22:20:00,1095,1,EK,EK144,ECONOMY,9,1045.16,641.0,404.16,DXB,"MAD,DXB,DPS"
2025-12-08 08:30:00,MAD,DPS,2026-07-11,22:05:00,22:20:00,1095,1,EK,EK144,ECONOMY,9,1045.16,641.0,404.16,DXB,"MAD,DXB,DPS"
2025-12-08 08:30:06,MAD,DPS,2026-07-12,22:05:00,22:20:00,1095,1,EK,EK144,ECONOMY,9,1020.16,616.0,404.16,DXB,"MAD,DXB,DPS"
2025-12-08 08:30:27,BCN,DPS,2026-07-11,21:25:00,22:20:00,1135,1,EK,EK188,ECONOMY,9,1034.46,634.0,400.46,DXB,"BCN,DXB,DPS"
2025-12-08 08:30:33,BCN,DPS,2026-07-12,21:25:00,22:20:00,1135,1,EK,EK188,ECONOMY,9,1009.46,609.0,400.46,DXB,"BCN,DXB,DPS"
2025-12-09 08:28:36,MAD,DPS,2026-07-08,22:05:00,22:20:00,1095,1,EK,EK144,ECONOMY,9,1045.2,641.0,404.2,DXB,"MAD,DXB,DPS"
2025-12-09 08:28:42,MAD,DPS,2026-07-09,22:05:00,22:20:00,1095,1,EK,EK144,ECONOMY,9,1045.2,641.0,404.2,DXB,"MAD,DXB,DPS"
2025-12-09 08:28:59,MAD,DPS,2026-07-11,22:05:00,22:20:00,1095,1,EK,EK144,ECONOMY,9,1045.2,641.0,404.2,DXB,"MAD,DXB,DPS"
2025-12-09 08:29:27,BCN,DPS,2026-07-11,21:25:00,22:20:00,1135,1,EK,EK188,ECONOMY,9,1034.5,634.0,400.5,DXB,"BCN,DXB,DPS"
2025-12-09 08:29:32,BCN,DPS,2026-07-12,21:25:00,22:20:00,1135,1,EK,EK188,ECONOMY,9,1009.5,609.0,400.5,DXB,"BCN,DXB,DPS"
2025-12-10 08:27:42,MAD,DPS,2026-07-08,22:05:00,22:20:00,1095,1,EK,EK144,ECONOMY,9,1045.19,641.0,404.19,DXB,"MAD,DXB,DPS"
2025-12-10 08:27:47,MAD,DPS,2026-07-09,22:05:00,22:20:00,1095,1,EK,EK144,ECONOMY,9,1045.19,641.0,404.19,DXB,"MAD,DXB,DPS"
2025-12-10 08:27:59,MAD,DPS,2026-07-11,22:05:00,22:20:00,1095,1,EK,EK144,ECONOMY,9,1045.19,641.0,404.19,DXB,"MAD,DXB,DPS"
2025-12-10 08:28:05,MAD,DPS,2026-07-12,22:05:00,22:20:00,1095,1,EK,EK144,ECONOMY,9,1020.19,616.0,404.19,DXB,"MAD,DXB,DPS"
2025-12-10 08:28:26,BCN,DPS,2026-07-11,21:25:00,22:20:00,1135,1,EK,EK188,ECONOMY,9,1034.49,634.0,400.49,DXB,"BCN,DXB,DPS"
2025-12-10 08:28:32,BCN,DPS,2026-07-12,21:25:00,22:20:00,1135,1,EK,EK188,ECONOMY,9,1009.49,609.0,400.49,DXB,"BCN,DXB,DPS"
2025-12-12 08:28:23,MAD,DPS,2026-07-08,22:05:00,22:20:00,1095,1,EK,EK144,ECONOMY,9,1045.18,641.0,404.18,DXB,"MAD,DXB,DPS"
2025-12-12 08:28:28,MAD,DPS,2026-07-09,22:05:00,22:20:00,1095,1,EK,EK144,ECONOMY,9,1045.18,641.0,404.18,DXB,"MAD,DXB,DPS"
2025-12-12 08:28:45,MAD,DPS,2026-07-11,22:05:00,22:20:00,1095,1,EK,EK144,ECONOMY,9,1045.18,641.0,404.18,DXB,"MAD,DXB,DPS"
2025-12-12 08:29:13,BCN,DPS,2026-07-11,21:25:00,22:20:00,1135,1,EK,EK188,ECONOMY,9,1034.48,634.0,400.48,DXB,"BCN,DXB,DPS"
2025-12-12 08:29:18,BCN,DPS,2026-07-12,21:25:00,22:20:00,1135,1,EK,EK188,ECONOMY,9,1009.48,609.0,400.48,DXB,"BCN,DXB,DPS"
2025-12-13 08:23:36,MAD,DPS,2026-07-08,22:05:00,22:20:00,1095,1,EK,EK144,ECONOMY,9,1044.97,641.0,403.97,DXB,"MAD,DXB,DPS"
2025-12-13 08:23:41,MAD,DPS,2026-07-09,22:05:00,22:20:00,1095,1,EK,EK144,ECONOMY,9,1044.97,641.0,403.97,DXB,"MAD,DXB,DPS"
2025-12-13 08:23:52,MAD,DPS,2026-07-11,22:45:00,22:40:00,1075,1,QR,QR152,ECONOMY,9,1001.57,535.0,466.57,DOH,"MAD,DOH,DPS"
2025-12-13 08:23:58,MAD,DPS,2026-07-12,22:05:00,22:20:00,1095,1,EK,EK144,ECONOMY,9,1019.97,616.0,403.97,DXB,"MAD,DXB,DPS"
2025-12-13 08:24:16,BCN,DPS,2026-07-11,09:15:00,08:25:00,1030,1,QR,QR138,ECONOMY,9,966.87,504.0,462.87,DOH,"BCN,DOH,DPS"
2025-12-13 08:24:21,BCN,DPS,2026-07-12,21:25:00,22:20:00,1135,1,EK,EK188,ECONOMY,9,1009.27,609.0,400.27,DXB,"BCN,DXB,DPS"
2025-12-16 08:28:57,MAD,DPS,2026-07-09,22:45:00,22:40:00,1075,1,QR,QR152,ECONOMY,9,871.38,405.0,466.38,DOH,"MAD,DOH,DPS"
2025-12-16 08:29:09,MAD,DPS,2026-07-10,09:05:00,08:25:00,1040,1,QR,QR148,ECONOMY,9,901.38,435.0,466.38,DOH,"MAD,DOH,DPS"
2025-12-16 08:29:21,MAD,DPS,2026-07-11,22:45:00,22:40:00,1075,1,QR,QR152,ECONOMY,9,1001.38,535.0,466.38,DOH,"MAD,DOH,DPS"
2025-12-16 08:29:38,BCN,DPS,2026-07-08,10:45:00,11:25:00,1120,1,EY,EY112,ECONOMY,9,794.79,481.0,313.79,AUH,"BCN,AUH,DPS"
2025-12-16 08:29:44,BCN,DPS,2026-07-09,09:15:00,08:25:00,1030,1,QR,QR138,ECONOMY,9,843.68,381.0,462.68,DOH,"BCN,DOH,DPS"
2025-12-16 08:29:49,BCN,DPS,2026-07-10,09:15:00,08:25:00,1030,1,QR,QR138,ECONOMY,9,874.68,412.0,462.68,DOH,"BCN,DOH,DPS"
2025-12-16 08:29:55,BCN,DPS,2026-07-11,10:45:00,11:25:00,1120,1,EY,EY112,ECONOMY,9,885.69,562.0,323.69,AUH,"BCN,AUH,DPS"
2025-12-17 08:28:39,MAD,DPS,2026-07-09,22:45:00,22:40:00,1075,1,QR,QR152,ECONOMY,9,871.32,405.0,466.32,DOH,"MAD,DOH,DPS"
2025-12-17 08:28:45,MAD,DPS,2026-07-10,09:05:00,08:25:00,1040,1,QR,QR148,ECONOMY,9,901.32,435.0,466.32,DOH,"MAD,DOH,DPS"
2025-12-17 08:28:52,MAD,DPS,2026-07-11,22:45:00,22:40:00,1075,1,QR,QR152,ECONOMY,9,1001.32,535.0,466.32,DOH,"MAD,DOH,DPS"
2025-12-17 08:29:06,BCN,DPS,2026-07-08,10:45:00,11:25:00,1120,1,EY,EY112,ECONOMY,9,794.64,481.0,313.64,AUH,"BCN,AUH,DPS"
2025-12-17 08:29:12,BCN,DPS,2026-07-09,09:15:00,08:25:00,1030,1,QR,QR138,ECONOMY,9,843.62,381.0,462.62,DOH,"BCN,DOH,DPS"
2025-12-17 08:29:18,BCN,DPS,2026-07-10,09:15:00,08:25:00,1030,1,QR,QR138,ECONOMY,9,874.62,412.0,462.62,DOH,"BCN,DOH,DPS"
2025-12-17 08:29:24,BCN,DPS,2026-07-11,10:45:00,11:25:00,1120,1,EY,EY112,ECONOMY,9,885.55,562.0,323.55,AUH,"BCN,AUH,DPS"
2025-12-18 08:28:26,MAD,DPS,2026-07-09,22:45:00,22:40:00,1075,1,QR,QR152,ECONOMY,9,871.22,405.0,466.22,DOH,"MAD,DOH,DPS"
2025-12-18 08:28:36,MAD,DPS,2026-07-10,09:05:00,08:25:00,1040,1,QR,QR148,ECONOMY,9,901.22,435.0,466.22,DOH,"MAD,DOH,DPS"
2025-12-18 08:28:47,MAD,DPS,2026-07-11,22:45:00,22:40:00,1075,1,QR,QR152,ECONOMY,9,1001.22,535.0,466.22,DOH,"MAD,DOH,DPS"
2025-12-18 08:28:57,MAD,DPS,2026-07-12,22:45:00,22:40:00,1075,1,QR,QR152,ECONOMY,3,967.22,501.0,466.22,DOH,"MAD,DOH,DPS"
2025-12-18 08:29:03,BCN,DPS,2026-07-08,10:45:00,11:25:00,1120,1,EY,EY112,ECONOMY,9,794.29,481.0,313.29,AUH,"BCN,AUH,DPS"
2025-12-18 08:29:10,BCN,DPS,2026-07-09,09:15:00,08:25:00,1030,1,QR,QR138,ECONOMY,9,843.52,381.0,462.52,DOH,"BCN,DOH,DPS"
2025-12-18 08:29:16,BCN,DPS,2026-07-10,09:15:00,08:25:00,1030,1,QR,QR138,ECONOMY,9,874.52,412.0,462.52,DOH,"BCN,DOH,DPS"
2025-12-18 08:29:22,BCN,DPS,2026-07-11,09:15:00,08:25:00,1030,1,QR,QR138,ECONOMY,3,966.52,504.0,462.52,DOH,"BCN,DOH,DPS"
2025-12-19 08:28:00,MAD,DPS,2026-07-09,22:45:00,22:40:00,1075,1,QR,QR152,ECONOMY,9,871.46,405.0,466.46,DOH,"MAD,DOH,DPS"
2025-12-19 08:28:05,MAD,DPS,2026-07-10,09:05:00,08:25:00,1040,1,QR,QR148,ECONOMY,9,901.46,435.0,466.46,DOH,"MAD,DOH,DPS"
2025-12-19 08:28:11,MAD,DPS,2026-07-11,22:45:00,22:40:00,1075,1,QR,QR152,ECONOMY,9,1001.46,535.0,466.46,DOH,"MAD,DOH,DPS"
2025-12-19 08:28:21,BCN,DPS,2026-07-08,10:45:00,11:25:00,1120,1,EY,EY112,ECONOMY,9,794.9,481.0,313.9,AUH,"BCN,AUH,DPS"
2025-12-19 08:28:26,BCN,DPS,2026-07-09,09:15:00,08:25:00,1030,1,QR,QR138,ECONOMY,9,843.76,381.0,462.76,DOH,"BCN,DOH,DPS"
2025-12-19 08:28:31,BCN,DPS,2026-07-10,09:15:00,08:25:00,1030,1,QR,QR138,ECONOMY,9,874.76,412.0,462.76,DOH,"BCN,DOH,DPS"
2025-12-19 08:28:35,BCN,DPS,2026-07-11,09:15:00,08:25:00,1030,1,QR,QR138,ECONOMY,9,966.76,504.0,462.76,DOH,"BCN,DOH,DPS"
2025-12-20 08:23:40,MAD,DPS,2026-07-09,22:45:00,22:40:00,1075,1,QR,QR152,ECONOMY,9,871.46,405.0,466.46,DOH,"MAD,DOH,DPS"
2025-12-20 08:23:46,MAD,DPS,2026-07-10,09:05:00,08:25:00,1040,1,QR,QR148,ECONOMY,9,901.46,435.0,466.46,DOH,"MAD,DOH,DPS"
2025-12-20 08:23:52,MAD,DPS,2026-07-11,22:45:00,22:40:00,1075,1,QR,QR152,ECONOMY,9,1001.46,535.0,466.46,DOH,"MAD,DOH,DPS"
2025-12-20 08:24:06,BCN,DPS,2026-07-08,10:45:00,11:25:00,1120,1,EY,EY112,ECONOMY,9,794.93,481.0,313.93,AUH,"BCN,AUH,DPS"
2025-12-20 08:24:11,BCN,DPS,2026-07-09,09:15:00,08:25:00,1030,1,QR,QR138,ECONOMY,9,843.76,381.0,462.76,DOH,"BCN,DOH,DPS"
2025-12-20 08:24:15,BCN,DPS,2026-07-10,09:15:00,08:25:00,1030,1,QR,QR138,ECONOMY,9,874.76,412.0,462.76,DOH,"BCN,DOH,DPS"
2025-12-20 08:24:20,BCN,DPS,2026-07-11,09:15:00,08:25:00,1030,1,QR,QR138,ECONOMY,9,966.76,504.0,462.76,DOH,"BCN,DOH,DPS"
2025-12-21 08:24:11,MAD,DPS,2026-07-09,22:45:00,22:40:00,1075,1,QR,QR152,ECONOMY,9,871.46,405.0,466.46,DOH,"MAD,DOH,DPS"
2025-12-21 08:24:19,MAD,DPS,2026-07-10,09:05:00,08:25:00,1040,1,QR,QR148,ECONOMY,9,901.46,435.0,466.46,DOH,"MAD,DOH,DPS"
2025-12-21 08:24:25,MAD,DPS,2026-07-11,22:45:00,22:40:00,1075,1,QR,QR152,ECONOMY,9,1001.46,535.0,466.46,DOH,"MAD,DOH,DPS"
2025-12-21 08:24:38,BCN,DPS,2026-07-08,10:45:00,11:25:00,1120,1,EY,EY112,ECONOMY,9,794.93,481.0,313.93,AUH,"BCN,AUH,DPS"
2025-12-21 08:24:44,BCN,DPS,2026-07-09,09:15:00,08:25:00,1030,1,QR,QR138,ECONOMY,9,843.76,381.0,462.76,DOH,"BCN,DOH,DPS"
2025-12-21 08:24:49,BCN,DPS,2026-07-10,09:15:00,08:25:00,1030,1,QR,QR138,ECONOMY,9,874.76,412.0,462.76,DOH,"BCN,DOH,DPS"
2025-12-21 08:24:55,BCN,DPS,2026-07-11,09:15:00,08:25:00,1030,1,QR,QR138,ECONOMY,9,966.76,504.0,462.76,DOH,"BCN,DOH,DPS"
2025-12-22 08:28:59,MAD,DPS,2026-07-09,22:45:00,22:40:00,1075,1,QR,QR152,ECONOMY,9,871.46,405.0,466.46,DOH,"MAD,DOH,DPS"
2025-12-22 08:29:05,MAD,DPS,2026-07-10,09:05:00,08:25:00,1040,1,QR,QR148,ECONOMY,9,901.46,435.0,466.46,DOH,"MAD,DOH,DPS"
2025-12-22 08:29:12,MAD,DPS,2026-07-11,22:45:00,22:40:00,1075,1,QR,QR152,ECONOMY,9,1001.46,535.0,466.46,DOH,"MAD,DOH,DPS"
2025-12-22 08:29:25,BCN,DPS,2026-07-08,10:45:00,11:25:00,1120,1,EY,EY112,ECONOMY,9,794.93,481.0,313.93,AUH,"BCN,AUH,DPS"
2025-12-22 08:29:31,BCN,DPS,2026-07-09,09:15:00,08:25:00,1030,1,QR,QR138,ECONOMY,9,843.76,381.0,462.76,DOH,"BCN,DOH,DPS"
2025-12-22 08:29:36,BCN,DPS,2026-07-10,09:15:00,08:25:00,1030,1,QR,QR138,ECONOMY,9,874.76,412.0,462.76,DOH,"BCN,DOH,DPS"
2025-12-22 08:29:41,BCN,DPS,2026-07-11,09:15:00,08:25:00,1030,1,QR,QR138,ECONOMY,9,966.76,504.0,462.76,DOH,"BCN,DOH,DPS"
2025-12-23 08:28:20,MAD,DPS,2026-07-09,22:45:00,22:40:00,1075,1,QR,QR152,ECONOMY,9,871.79,405.0,466.79,DOH,"MAD,DOH,DPS"
2025-12-23 08:28:26,MAD,DPS,2026-07-10,09:05:00,08:25:00,1040,1,QR,QR148,ECONOMY,9,901.79,435.0,466.79,DOH,"MAD,DOH,DPS"
2025-12-23 08:28:57,BCN,DPS,2026-07-09,09:15:00,08:25:00,1030,1,QR,QR138,ECONOMY,9,844.09,381.0,463.09,DOH,"BCN,DOH,DPS"
2025-12-23 08:29:03,BCN,DPS,2026-07-10,09:15:00,08:25:00,1030,1,QR,QR138,ECONOMY,9,875.09,412.0,463.09,DOH,"BCN,DOH,DPS"
2025-12-23 08:29:09,BCN,DPS,2026-07-11,09:15:00,08:25:00,1030,1,QR,QR138,ECONOMY,9,967.09,504.0,463.09,DOH,"BCN,DOH,DPS"
2025-12-24 08:28:11,MAD,DPS,2026-07-09,22:45:00,22:40:00,1075,1,QR,QR152,ECONOMY,9,871.37,405.0,466.37,DOH,"MAD,DOH,DPS"
2025-12-24 08:28:18,MAD,DPS,2026-07-10,09:05:00,08:25:00,1040,1,QR,QR148,ECONOMY,9,901.37,435.0,466.37,DOH,"MAD,DOH,DPS"
2025-12-24 08:28:44,BCN,DPS,2026-07-09,09:15:00,08:25:00,1030,1,QR,QR138,ECONOMY,9,843.67,381.0,462.67,DOH,"BCN,DOH,DPS"
2025-12-24 08:28:49,BCN,DPS,2026-07-10,09:15:00,08:25:00,1030,1,QR,QR138,ECONOMY,9,874.67,412.0,462.67,DOH,"BCN,DOH,DPS"
2025-12-24 08:28:55,BCN,DPS,2026-07-11,09:15:00,08:25:00,1030,1,QR,QR138,ECONOMY,9,966.67,504.0,462.67,DOH,"BCN,DOH,DPS"
2025-12-25 08:27:11,MAD,DPS,2026-07-09,22:45:00,22:40:00,1075,1,QR,QR152,ECONOMY,9,870.91,405.0,465.91,DOH,"MAD,DOH,DPS"
2025-12-25 08:27:18,MAD,DPS,2026-07-10,09:05:00,08:25:00,1040,1,QR,QR148,ECONOMY,9,900.91,435.0,465.91,DOH,"MAD,DOH,DPS"
2025-12-25 08:27:41,BCN,DPS,2026-07-09,09:15:00,08:25:00,1030,1,QR,QR138,ECONOMY,9,843.21,381.0,462.21,DOH,"BCN,DOH,DPS"
2025-12-25 08:27:46,BCN,DPS,2026-07-10,09:15:00,08:25:00,1030,1,QR,QR138,ECONOMY,9,874.21,412.0,462.21,DOH,"BCN,DOH,DPS"
2025-12-25 08:27:51,BCN,DPS,2026-07-11,09:15:00,08:25:00,1030,1,QR,QR138,ECONOMY,9,966.21,504.0,462.21,DOH,"BCN,DOH,DPS"
2025-12-26 08:26:58,MAD,DPS,2026-07-09,22:45:00,22:40:00,1075,1,QR,QR152,ECONOMY,9,870.91,405.0,465.91,DOH,"MAD,DOH,DPS"
2025-12-26 08:27:04,MAD,DPS,2026-07-10,09:05:00,08:25:00,1040,1,QR,QR148,ECONOMY,9,900.91,435.0,465.91,DOH,"MAD,DOH,DPS"
2025-12-26 08:27:28,BCN,DPS,2026-07-09,09:15:00,08:25:00,1030,1,QR,QR138,ECONOMY,9,843.21,381.0,462.21,DOH,"BCN,DOH,DPS"
2025-12-26 08:27:33,BCN,DPS,2026-07-10,09:15:00,08:25:00,1030,1,QR,QR138,ECONOMY,9,874.21,412.0,462.21,DOH,"BCN,DOH,DPS"
2025-12-26 08:27:38,BCN,DPS,2026-07-11,09:15:00,08:25:00,1030,1,QR,QR138,ECONOMY,9,966.21,504.0,462.21,DOH,"BCN,DOH,DPS"
2025-12-27 08:24:50,MAD,DPS,2026-07-09,22:45:00,22:40:00,1075,1,QR,QR152,ECONOMY,9,871.11,405.0,466.11,DOH,"MAD,DOH,DPS"
2025-12-27 08:24:55,MAD,DPS,2026-07-10,09:05:00,08:25:00,1040,1,QR,QR148,ECONOMY,9,901.11,435.0,466.11,DOH,"MAD,DOH,DPS"
2025-12-27 08:25:18,BCN,DPS,2026-07-09,09:15:00,08:25:00,1030,1,QR,QR138,ECONOMY,9,843.41,381.0,462.41,DOH,"BCN,DOH,DPS"
2025-12-27 08:25:23,BCN,DPS,2026-07-10,09:15:00,08:25:00,1030,1,QR,QR138,ECONOMY,9,874.41,412.0,462.41,DOH,"BCN,DOH,DPS"
2025-12-27 08:25:29,BCN,DPS,2026-07-11,09:15:00,08:25:00,1030,1,QR,QR138,ECONOMY,9,966.41,504.0,462.41,DOH,"BCN,DOH,DPS"
2025-12-28 08:24:54,MAD,DPS,2026-07-09,22:45:00,22:40:00,1075,1,QR,QR152,ECONOMY,9,871.11,405.0,466.11,DOH,"MAD,DOH,DPS"
2025-12-28 08:25:04,MAD,DPS,2026-07-10,09:05:00,08:25:00,1040,1,QR,QR148,ECONOMY,9,901.11,435.0,466.11,DOH,"MAD,DOH,DPS"
2025-12-28 08:25:27,BCN,DPS,2026-07-09,09:15:00,08:25:00,1030,1,QR,QR138,ECONOMY,9,843.41,381.0,462.41,DOH,"BCN,DOH,DPS"
2025-12-28 08:25:32,BCN,DPS,2026-07-10,09:15:00,08:25:00,1030,1,QR,QR138,ECONOMY,9,874.41,412.0,462.41,DOH,"BCN,DOH,DPS"
2025-12-28 08:25:37,BCN,DPS,2026-07-11,09:15:00,08:25:00,1030,1,QR,QR138,ECONOMY,9,966.41,504.0,462.41,DOH,"BCN,DOH,DPS"
2025-12-29 08:29:48,MAD,DPS,2026-07-09,22:45:00,22:40:00,1075,1,QR,QR152,ECONOMY,9,871.11,405.0,466.11,DOH,"MAD,DOH,DPS"
2025-12-29 08:29:59,MAD,DPS,2026-07-10,09:05:00,08:25:00,1040,1,QR,QR148,ECONOMY,9,901.11,435.0,466.11,DOH,"MAD,DOH,DPS"
2025-12-29 08:30:26,BCN,DPS,2026-07-09,09:15:00,08:25:00,1030,1,QR,QR138,ECONOMY,9,843.41,381.0,462.41,DOH,"BCN,DOH,DPS"
2025-12-29 08:30:31,BCN,DPS,2026-07-10,09:15:00,08:25:00,1030,1,QR,QR138,ECONOMY,9,874.41,412.0,462.41,DOH,"BCN,DOH,DPS"
2025-12-29 08:30:36,BCN,DPS,2026-07-11,09:15:00,08:25:00,1030,1,QR,QR138,ECONOMY,9,966.41,504.0,462.41,DOH,"BCN,DOH,DPS"
2025-12-30 08:28:01,MAD,DPS,2026-07-09,22:45:00,22:40:00,1075,1,QR,QR152,ECONOMY,9,871.09,405.0,466.09,DOH,"MAD,DOH,DPS"
2025-12-30 08:28:08,MAD,DPS,2026-07-10,09:05:00,08:25:00,1040,1,QR,QR148,ECONOMY,9,901.09,435.0,466.09,DOH,"MAD,DOH,DPS"
2025-12-30 08:28:35,BCN,DPS,2026-07-09,09:15:00,08:25:00,1030,1,QR,QR138,ECONOMY,9,843.39,381.0,462.39,DOH,"BCN,DOH,DPS"
2025-12-30 08:28:40,BCN,DPS,2026-07-10,09:15:00,08:25:00,1030,1,QR,QR138,ECONOMY,9,874.39,412.0,462.39,DOH,"BCN,DOH,DPS"
2025-12-30 08:28:46,BCN,DPS,2026-07-11,09:15:00,08:25:00,1030,1,QR,QR138,ECONOMY,9,966.39,504.0,462.39,DOH,"BCN,DOH,DPS"
2025-12-31 08:28:07,MAD,DPS,2026-07-09,22:45:00,22:40:00,1075,1,QR,QR152,ECONOMY,9,871.05,405.0,466.05,DOH,"MAD,DOH,DPS"
2025-12-31 08:28:14,MAD,DPS,2026-07-10,09:05:00,08:25:00,1040,1,QR,QR148,ECONOMY,9,901.05,435.0,466.05,DOH,"MAD,DOH,DPS"
2025-12-31 08:28:37,BCN,DPS,2026-07-09,09:15:00,08:25:00,1030,1,QR,QR138,ECONOMY,9,843.35,381.0,462.35,DOH,"BCN,DOH,DPS"
2025-12-31 08:28:42,BCN,DPS,2026-07-10,09:15:00,08:25:00,1030,1,QR,QR138,ECONOMY,9,874.35,412.0,462.35,DOH,"BCN,DOH,DPS"
2025-12-31 08:28:48,BCN,DPS,2026-07-11,09:15:00,08:25:00,1030,1,QR,QR138,ECONOMY,9,966.35,504.0,462.35,DOH,"BCN,DOH,DPS"
2026-01-01 08:27:49,MAD,DPS,2026-07-09,22:45:00,22:40:00,1075,1,QR,QR152,ECONOMY,9,870.18,404.0,466.18,DOH,"MAD,DOH,DPS"
2026-01-01 08:27:54,MAD,DPS,2026-07-10,09:05:00,08:25:00,1040,1,QR,QR148,ECONOMY,9,900.18,434.0,466.18,DOH,"MAD,DOH,DPS"
2026-01-01 08:28:17,BCN,DPS,2026-07-09,09:15:00,08:25:00,1030,1,QR,QR138,ECONOMY,9,843.48,381.0,462.48,DOH,"BCN,DOH,DPS"
2026-01-01 08:28:21,BCN,DPS,2026-07-10,09:15:00,08:25:00,1030,1,QR,QR138,ECONOMY,9,873.48,411.0,462.48,DOH,"BCN,DOH,DPS"
2026-01-01 08:28:26,BCN,DPS,2026-07-11,09:15:00,08:25:00,1030,1,QR,QR138,ECONOMY,9,964.48,502.0,462.48,DOH,"BCN,DOH,DPS"
2026-01-02 08:27:52,MAD,DPS,2026-07-09,22:45:00,22:40:00,1075,1,QR,QR152,ECONOMY,9,870.43,404.0,466.43,DOH,"MAD,DOH,DPS"
2026-01-02 08:27:58,MAD,DPS,2026-07-10,09:05:00,08:25:00,1040,1,QR,QR148,ECONOMY,9,900.43,434.0,466.43,DOH,"MAD,DOH,DPS"
2026-01-02 08:28:20,BCN,DPS,2026-07-09,09:15:00,08:25:00,1030,1,QR,QR138,ECONOMY,9,843.73,381.0,462.73,DOH,"BCN,DOH,DPS"
2026-01-02 08:28:25,BCN,DPS,2026-07-10,09:15:00,08:25:00,1030,1,QR,QR138,ECONOMY,9,873.73,411.0,462.73,DOH,"BCN,DOH,DPS"
2026-01-02 08:28:30,BCN,DPS,2026-07-11,09:15:00,08:25:00,1030,1,QR,QR138,ECONOMY,9,964.73,502.0,462.73,DOH,"BCN,DOH,DPS"
2026-01-03 08:25:53,MAD,DPS,2026-07-10,09:05:00,08:25:00,1040,1,QR,QR148,ECONOMY,9,900.39,434.0,466.39,DOH,"MAD,DOH,DPS"
2026-01-03 08:26:15,BCN,DPS,2026-07-09,09:15:00,08:25:00,1030,1,QR,QR138,ECONOMY,9,843.69,381.0,462.69,DOH,"BCN,DOH,DPS"
2026-01-03 08:26:21,BCN,DPS,2026-07-10,09:15:00,08:25:00,1030,1,QR,QR138,ECONOMY,9,873.69,411.0,462.69,DOH,"BCN,DOH,DPS"
2026-01-03 08:26:26,BCN,DPS,2026-07-11,09:15:00,08:25:00,1030,1,QR,QR138,ECONOMY,9,964.69,502.0,462.69,DOH,"BCN,DOH,DPS"
2026-01-04 08:26:27,MAD,DPS,2026-07-09,22:45:00,22:40:00,1075,1,QR,QR152,ECONOMY,9,870.39,404.0,466.39,DOH,"MAD,DOH,DPS"
2026-01-04 08:26:33,MAD,DPS,2026-07-10,09:05:00,08:25:00,1040,1,QR,QR148,ECONOMY,9,900.39,434.0,466.39,DOH,"MAD,DOH,DPS"
2026-01-04 08:26:57,BCN,DPS,2026-07-09,09:15:00,08:25:00,1030,1,QR,QR138,ECONOMY,9,843.69,381.0,462.69,DOH,"BCN,DOH,DPS"
2026-01-04 08:27:02,BCN,DPS,2026-07-10,09:15:00,08:25:00,1030,1,QR,QR138,ECONOMY,9,873.69,411.0,462.69,DOH,"BCN,DOH,DPS"
2026-01-04 08:27:08,BCN,DPS,2026-07-11,09:15:00,08:25:00,1030,1,QR,QR138,ECONOMY,9,964.69,502.0,462.69,DOH,"BCN,DOH,DPS"
2026-01-05 08:31:18,MAD,DPS,2026-07-09,22:45:00,22:40:00,1075,1,QR,QR152,ECONOMY,9,870.39,404.0,466.39,DOH,"MAD,DOH,DPS"
2026-01-05 08:31:25,MAD,DPS,2026-07-10,09:05:00,08:25:00,1040,1,QR,QR148,ECONOMY,9,900.39,434.0,466.39,DOH,"MAD,DOH,DPS"
2026-01-05 08:31:49,BCN,DPS,2026-07-09,09:15:00,08:25:00,1030,1,QR,QR138,ECONOMY,9,843.69,381.0,462.69,DOH,"BCN,DOH,DPS"
2026-01-05 08:31:56,BCN,DPS,2026-07-10,09:15:00,08:25:00,1030,1,QR,QR138,ECONOMY,9,873.69,411.0,462.69,DOH,"BCN,DOH,DPS"
2026-01-05 08:32:01,BCN,DPS,2026-07-11,09:15:00,08:25:00,1030,1,QR,QR138,ECONOMY,9,964.69,502.0,462.69,DOH,"BCN,DOH,DPS"
2026-01-06 08:29:06,MAD,DPS,2026-07-09,22:45:00,22:40:00,1075,1,QR,QR152,ECONOMY,9,870.71,404.0,466.71,DOH,"MAD,DOH,DPS"
2026-01-06 08:29:12,MAD,DPS,2026-07-10,09:05:00,08:25:00,1040,1,QR,QR148,ECONOMY,9,900.71,434.0,466.71,DOH,"MAD,DOH,DPS"
2026-01-06 08:29:39,BCN,DPS,2026-07-09,09:15:00,08:25:00,1030,1,QR,QR138,ECONOMY,9,844.01,381.0,463.01,DOH,"BCN,DOH,DPS"
2026-01-06 08:29:45,BCN,DPS,2026-07-10,09:15:00,08:25:00,1030,1,QR,QR138,ECONOMY,9,874.01,411.0,463.01,DOH,"BCN,DOH,DPS"
2026-01-06 08:29:51,BCN,DPS,2026-07-11,09:15:00,08:25:00,1030,1,QR,QR138,ECONOMY,9,965.01,502.0,463.01,DOH,"BCN,DOH,DPS"
2026-01-07 08:28:52,MAD,DPS,2026-07-09,22:45:00,22:40:00,1075,1,QR,QR152,ECONOMY,9,870.88,404.0,466.88,DOH,"MAD,DOH,DPS"
2026-01-07 08:28:58,MAD,DPS,2026-07-10,09:05:00,08:25:00,1040,1,QR,QR148,ECONOMY,9,900.88,434.0,466.88,DOH,"MAD,DOH,DPS"
2026-01-07 08:29:21,BCN,DPS,2026-07-09,09:15:00,08:25:00,1030,1,QR,QR138,ECONOMY,9,844.18,381.0,463.18,DOH,"BCN,DOH,DPS"
2026-01-07 08:29:26,BCN,DPS,2026-07-10,09:15:00,08:25:00,1030,1,QR,QR138,ECONOMY,9,874.18,411.0,463.18,DOH,"BCN,DOH,DPS"
2026-01-07 08:29:31,BCN,DPS,2026-07-11,09:15:00,08:25:00,1030,1,QR,QR138,ECONOMY,9,965.18,502.0,463.18,DOH,"BCN,DOH,DPS"
2026-01-08 08:29:12,MAD,DPS,2026-07-09,22:45:00,22:40:00,1075,1,QR,QR152,ECONOMY,9,870.79,404.0,466.79,DOH,"MAD,DOH,DPS"
2026-01-08 08:29:19,MAD,DPS,2026-07-10,09:05:00,08:25:00,1040,1,QR,QR148,ECONOMY,5,900.79,434.0,466.79,DOH,"MAD,DOH,DPS"
2026-01-08 08:29:27,MAD,DPS,2026-07-11,22:45:00,22:40:00,1075,1,QR,QR152,ECONOMY,9,999.79,533.0,466.79,DOH,"MAD,DOH,DPS"
2026-01-08 08:29:47,BCN,DPS,2026-07-09,09:15:00,08:25:00,1030,1,QR,QR138,ECONOMY,9,839.09,376.0,463.09,DOH,"BCN,DOH,DPS"
2026-01-08 08:29:53,BCN,DPS,2026-07-10,09:15:00,08:25:00,1030,1,QR,QR138,ECONOMY,9,869.09,406.0,463.09,DOH,"BCN,DOH,DPS"
2026-01-08 08:30:01,BCN,DPS,2026-07-11,09:15:00,08:25:00,1030,1,QR,QR138,ECONOMY,3,944.09,481.0,463.09,DOH,"BCN,DOH,DPS"
2026-01-09 08:28:55,MAD,DPS,2026-07-09,22:45:00,22:40:00,1075,1,QR,QR152,ECONOMY,9,870.99,404.0,466.99,DOH,"MAD,DOH,DPS"
2026-01-09 08:29:05,MAD,DPS,2026-07-10,09:05:00,08:25:00,1040,1,QR,QR148,ECONOMY,9,900.99,434.0,466.99,DOH,"MAD,DOH,DPS"
2026-01-09 08:29:35,BCN,DPS,2026-07-09,09:15:00,08:25:00,1030,1,QR,QR138,ECONOMY,9,839.29,376.0,463.29,DOH,"BCN,DOH,DPS"
2026-01-09 08:29:41,BCN,DPS,2026-07-10,09:15:00,08:25:00,1030,1,QR,QR138,ECONOMY,9,869.29,406.0,463.29,DOH,"BCN,DOH,DPS"
2026-01-09 08:29:50,BCN,DPS,2026-07-11,09:15:00,08:25:00,1030,1,QR,QR138,ECONOMY,9,944.29,481.0,463.29,DOH,"BCN,DOH,DPS"
2026-01-10 08:24:59,MAD,DPS,2026-07-09,22:45:00,22:40:00,1075,1,QR,QR152,ECONOMY,9,871.18,404.0,467.18,DOH,"MAD,DOH,DPS"
2026-01-10 08:25:05,MAD,DPS,2026-07-10,09:05:00,08:25:00,1040,1,QR,QR148,ECONOMY,9,901.18,434.0,467.18,DOH,"MAD,DOH,DPS"
2026-01-10 08:25:11,MAD,DPS,2026-07-11,22:45:00,22:40:00,1075,1,QR,QR152,ECONOMY,9,1000.18,533.0,467.18,DOH,"MAD,DOH,DPS"
2026-01-10 08:25:29,BCN,DPS,2026-07-09,09:15:00,08:25:00,1030,1,QR,QR138,ECONOMY,9,839.48,376.0,463.48,DOH,"BCN,DOH,DPS"
2026-01-10 08:25:35,BCN,DPS,2026-07-10,09:15:00,08:25:00,1030,1,QR,QR138,ECONOMY,9,869.48,406.0,463.48,DOH,"BCN,DOH,DPS"
2026-01-10 08:25:43,BCN,DPS,2026-07-11,09:15:00,08:25:00,1030,1,QR,QR138,ECONOMY,9,944.48,481.0,463.48,DOH,"BCN,DOH,DPS"
2026-01-11 08:25:22,MAD,DPS,2026-07-09,22:45:00,22:40:00,1075,1,QR,QR152,ECONOMY,9,871.18,404.0,467.18,DOH,"MAD,DOH,DPS"
2026-01-11 08:25:29,MAD,DPS,2026-07-10,09:05:00,08:25:00,1040,1,QR,QR148,ECONOMY,9,901.18,434.0,467.18,DOH,"MAD,DOH,DPS"
2026-01-11 08:25:35,MAD,DPS,2026-07-11,22:45:00,22:40:00,1075,1,QR,QR152,ECONOMY,9,1000.18,533.0,467.18,DOH,"MAD,DOH,DPS"
2026-01-11 08:25:52,BCN,DPS,2026-07-09,09:15:00,08:25:00,1030,1,QR,QR138,ECONOMY,9,839.48,376.0,463.48,DOH,"BCN,DOH,DPS"
2026-01-11 08:25:57,BCN,DPS,2026-07-10,09:15:00,08:25:00,1030,1,QR,QR138,ECONOMY,9,869.48,406.0,463.48,DOH,"BCN,DOH,DPS"
2026-01-11 08:26:03,BCN,DPS,2026-07-11,09:15:00,08:25:00,1030,1,QR,QR138,ECONOMY,9,944.48,481.0,463.48,DOH,"BCN,DOH,DPS"
2026-01-12 08:30:33,MAD,DPS,2026-07-10,09:05:00,08:25:00,1040,1,QR,QR148,ECONOMY,9,901.18,434.0,467.18,DOH,"MAD,DOH,DPS"
2026-01-12 08:30:39,MAD,DPS,2026-07-11,22:45:00,22:40:00,1075,1,QR,QR152,ECONOMY,9,1000.18,533.0,467.18,DOH,"MAD,DOH,DPS"
2026-01-13 08:29:25,MAD,DPS,2026-07-09,22:45:00,22:40:00,1075,1,QR,QR152,ECONOMY,9,871.5,404.0,467.5,DOH,"MAD,DOH,DPS"
2026-01-13 08:29:32,MAD,DPS,2026-07-10,09:05:00,08:25:00,1040,1,QR,QR148,ECONOMY,9,901.5,434.0,467.5,DOH,"MAD,DOH,DPS"
2026-01-13 08:29:38,MAD,DPS,2026-07-11,22:45:00,22:40:00,1075,1,QR,QR152,ECONOMY,9,1000.5,533.0,467.5,DOH,"MAD,DOH,DPS"
2026-01-13 08:29:56,BCN,DPS,2026-07-09,09:15:00,08:25:00,1030,1,QR,QR138,ECONOMY,9,839.8,376.0,463.8,DOH,"BCN,DOH,DPS"
2026-01-13 08:30:02,BCN,DPS,2026-07-10,09:15:00,08:25:00,1030,1,QR,QR138,ECONOMY,9,869.8,406.0,463.8,DOH,"BCN,DOH,DPS"
2026-01-13 08:30:09,BCN,DPS,2026-07-11,09:15:00,08:25:00,1030,1,QR,QR138,ECONOMY,9,944.8,481.0,463.8,DOH,"BCN,DOH,DPS"
2026-01-14 08:29:20,MAD,DPS,2026-07-09,22:45:00,22:40:00,1075,1,QR,QR152,ECONOMY,9,871.08,404.0,467.08,DOH,"MAD,DOH,DPS"
2026-01-14 08:29:26,MAD,DPS,2026-07-10,09:05:00,08:25:00,1040,1,QR,QR148,ECONOMY,9,901.08,434.0,467.08,DOH,"MAD,DOH,DPS"
2026-01-14 08:29:33,MAD,DPS,2026-07-11,22:45:00,22:40:00,1075,1,QR,QR152,ECONOMY,9,1000.08,533.0,467.08,DOH,"MAD,DOH,DPS"
2026-01-14 08:29:51,BCN,DPS,2026-07-09,09:15:00,08:25:00,1030,1,QR,QR138,ECONOMY,9,839.38,376.0,463.38,DOH,"BCN,DOH,DPS"
2026-01-14 08:29:56,BCN,DPS,2026-07-10,09:15:00,08:25:00,1030,1,QR,QR138,ECONOMY,9,869.38,406.0,463.38,DOH,"BCN,DOH,DPS"
2026-01-14 08:30:03,BCN,DPS,2026-07-11,09:15:00,08:25:00,1030,1,QR,QR138,ECONOMY,9,944.38,481.0,463.38,DOH,"BCN,DOH,DPS"
2026-01-15 08:30:13,MAD,DPS,2026-07-10,09:05:00,08:25:00,1040,1,QR,QR148,ECONOMY,9,901.26,434.0,467.26,DOH,"MAD,DOH,DPS"
2026-01-15 08:30:40,BCN,DPS,2026-07-09,09:15:00,08:25:00,1030,1,QR,QR138,ECONOMY,9,839.56,376.0,463.56,DOH,"BCN,DOH,DPS"
2026-01-15 08:30:46,BCN,DPS,2026-07-10,09:15:00,08:25:00,1030,1,QR,QR138,ECONOMY,9,869.56,406.0,463.56,DOH,"BCN,DOH,DPS"
2026-01-15 08:30:52,BCN,DPS,2026-07-11,09:15:00,08:25:00,1030,1,QR,QR138,ECONOMY,9,944.56,481.0,463.56,DOH,"BCN,DOH,DPS"
2026-01-16 08:29:01,MAD,DPS,2026-07-09,22:45:00,22:40:00,1075,1,QR,QR152,ECONOMY,9,871.38,404.0,467.38,DOH,"MAD,DOH,DPS"
2026-01-16 08:29:11,MAD,DPS,2026-07-10,09:05:00,08:25:00,1040,1,QR,QR148,ECONOMY,9,901.38,434.0,467.38,DOH,"MAD,DOH,DPS"
2026-01-16 08:29:37,BCN,DPS,2026-07-09,09:15:00,08:25:00,1030,1,QR,QR138,ECONOMY,9,839.68,376.0,463.68,DOH,"BCN,DOH,DPS"
2026-01-16 08:29:41,BCN,DPS,2026-07-10,09:15:00,08:25:00,1030,1,QR,QR138,ECONOMY,9,869.68,406.0,463.68,DOH,"BCN,DOH,DPS"
2026-01-16 08:29:47,BCN,DPS,2026-07-11,09:15:00,08:25:00,1030,1,QR,QR138,ECONOMY,9,944.68,481.0,463.68,DOH,"BCN,DOH,DPS"
2026-01-17 08:24:49,MAD,DPS,2026-07-09,22:45:00,22:40:00,1075,1,QR,QR152,ECONOMY,9,871.65,404.0,467.65,DOH,"MAD,DOH,DPS"
2026-01-17 08:24:55,MAD,DPS,2026-07-10,09:05:00,08:25:00,1040,1,QR,QR148,ECONOMY,9,901.65,434.0,467.65,DOH,"MAD,DOH,DPS"
2026-01-17 08:25:17,BCN,DPS,2026-07-09,09:15:00,08:25:00,1030,1,QR,QR138,ECONOMY,9,844.95,381.0,463.95,DOH,"BCN,DOH,DPS"
2026-01-17 08:25:22,BCN,DPS,2026-07-10,09:15:00,08:25:00,1030,1,QR,QR138,ECONOMY,9,874.95,411.0,463.95,DOH,"BCN,DOH,DPS"
2026-01-17 08:25:28,BCN,DPS,2026-07-11,09:15:00,08:25:00,1030,1,QR,QR138,ECONOMY,9,965.95,502.0,463.95,DOH,"BCN,DOH,DPS"
2026-01-18 08:25:20,MAD,DPS,2026-07-09,22:45:00,22:40:00,1075,1,QR,QR152,ECONOMY,9,871.65,404.0,467.65,DOH,"MAD,DOH,DPS"
2026-01-18 08:25:26,MAD,DPS,2026-07-10,09:05:00,08:25:00,1040,1,QR,QR148,ECONOMY,9,901.65,434.0,467.65,DOH,"MAD,DOH,DPS"
2026-01-18 08:25:47,BCN,DPS,2026-07-09,09:15:00,08:25:00,1030,1,QR,QR138,ECONOMY,9,844.95,381.0,463.95,DOH,"BCN,DOH,DPS"
2026-01-18 08:25:52,BCN,DPS,2026-07-10,09:15:00,08:25:00,1030,1,QR,QR138,ECONOMY,9,874.95,411.0,463.95,DOH,"BCN,DOH,DPS"
2026-01-18 08:25:57,BCN,DPS,2026-07-11,09:15:00,08:25:00,1030,1,QR,QR138,ECONOMY,9,965.95,502.0,463.95,DOH,"BCN,DOH,DPS"
2026-01-19 08:31:17,MAD,DPS,2026-07-09,22:45:00,22:40:00,1075,1,QR,QR152,ECONOMY,9,871.65,404.0,467.65,DOH,"MAD,DOH,DPS"
2026-01-19 08:31:26,MAD,DPS,2026-07-10,09:05:00,08:25:00,1040,1,QR,QR148,ECONOMY,9,901.65,434.0,467.65,DOH,"MAD,DOH,DPS"
2026-01-19 08:32:04,BCN,DPS,2026-07-09,09:15:00,08:25:00,1030,1,QR,QR138,ECONOMY,9,844.95,381.0,463.95,DOH,"BCN,DOH,DPS"
2026-01-19 08:32:10,BCN,DPS,2026-07-10,09:15:00,08:25:00,1030,1,QR,QR138,ECONOMY,9,874.95,411.0,463.95,DOH,"BCN,DOH,DPS"
2026-01-19 08:32:16,BCN,DPS,2026-07-11,09:15:00,08:25:00,1030,1,QR,QR138,ECONOMY,9,965.95,502.0,463.95,DOH,"BCN,DOH,DPS"
2026-01-20 08:30:41,MAD,DPS,2026-07-10,09:05:00,08:25:00,1040,1,QR,QR148,ECONOMY,9,901.91,434.0,467.91,DOH,"MAD,DOH,DPS"
2026-01-20 08:31:04,BCN,DPS,2026-07-09,09:15:00,08:25:00,1030,1,QR,QR138,ECONOMY,9,845.21,381.0,464.21,DOH,"BCN,DOH,DPS"
2026-01-20 08:31:09,BCN,DPS,2026-07-10,09:15:00,08:25:00,1030,1,QR,QR138,ECONOMY,9,875.21,411.0,464.21,DOH,"BCN,DOH,DPS"
2026-01-20 08:31:15,BCN,DPS,2026-07-11,09:15:00,08:25:00,1030,1,QR,QR138,ECONOMY,9,966.21,502.0,464.21,DOH,"BCN,DOH,DPS"
2026-01-22 08:30:54,MAD,DPS,2026-07-10,09:05:00,08:25:00,1040,1,QR,QR148,ECONOMY,9,900.65,434.0,466.65,DOH,"MAD,DOH,DPS"
2026-01-22 08:31:23,BCN,DPS,2026-07-09,09:15:00,08:25:00,1030,1,QR,QR138,ECONOMY,9,843.95,381.0,462.95,DOH,"BCN,DOH,DPS"
2026-01-22 08:31:28,BCN,DPS,2026-07-10,09:15:00,08:25:00,1030,1,QR,QR138,ECONOMY,9,873.95,411.0,462.95,DOH,"BCN,DOH,DPS"
2026-01-22 08:31:33,BCN,DPS,2026-07-11,09:15:00,08:25:00,1030,1,QR,QR138,ECONOMY,9,964.95,502.0,462.95,DOH,"BCN,DOH,DPS"
2026-01-24 08:25:35,MAD,DPS,2026-07-09,22:45:00,22:40:00,1075,1,QR,QR152,ECONOMY,9,870.67,404.0,466.67,DOH,"MAD,DOH,DPS"
2026-01-24 08:25:45,MAD,DPS,2026-07-10,09:05:00,08:25:00,1040,1,QR,QR148,ECONOMY,9,900.67,434.0,466.67,DOH,"MAD,DOH,DPS"
2026-01-24 08:26:11,BCN,DPS,2026-07-09,09:15:00,08:25:00,1030,1,QR,QR138,ECONOMY,9,843.97,381.0,462.97,DOH,"BCN,DOH,DPS"
2026-01-24 08:26:17,BCN,DPS,2026-07-10,09:15:00,08:25:00,1030,1,QR,QR138,ECONOMY,9,873.97,411.0,462.97,DOH,"BCN,DOH,DPS"
2026-01-24 08:26:23,BCN,DPS,2026-07-11,09:15:00,08:25:00,1030,1,QR,QR138,ECONOMY,9,964.97,502.0,462.97,DOH,"BCN,DOH,DPS"
2026-01-25 08:26:32,MAD,DPS,2026-07-09,22:45:00,22:40:00,1075,1,QR,QR152,ECONOMY,9,870.67,404.0,466.67,DOH,"MAD,DOH,DPS"
2026-01-25 08:26:38,MAD,DPS,2026-07-10,09:05:00,08:25:00,1040,1,QR,QR148,ECONOMY,9,900.67,434.0,466.67,DOH,"MAD,DOH,DPS"
2026-01-25 08:27:00,BCN,DPS,2026-07-09,09:15:00,08:25:00,1030,1,QR,QR138,ECONOMY,9,843.97,381.0,462.97,DOH,"BCN,DOH,DPS"
2026-01-25 08:27:05,BCN,DPS,2026-07-10,09:15:00,08:25:00,1030,1,QR,QR138,ECONOMY,9,873.97,411.0,462.97,DOH,"BCN,DOH,DPS"
2026-01-25 08:27:11,BCN,DPS,2026-07-11,09:15:00,08:25:00,1030,1,QR,QR138,ECONOMY,9,964.97,502.0,462.97,DOH,"BCN,DOH,DPS"
2026-01-26 08:31:20,MAD,DPS,2026-07-09,22:45:00,22:40:00,1075,1,QR,QR152,ECONOMY,9,870.67,404.0,466.67,DOH,"MAD,DOH,DPS"
2026-01-26 08:31:25,MAD,DPS,2026-07-10,09:05:00,08:25:00,1040,1,QR,QR148,ECONOMY,9,900.67,434.0,466.67,DOH,"MAD,DOH,DPS"
2026-01-26 08:31:48,BCN,DPS,2026-07-09,09:15:00,08:25:00,1030,1,QR,QR138,ECONOMY,9,843.97,381.0,462.97,DOH,"BCN,DOH,DPS"
2026-01-26 08:31:54,BCN,DPS,2026-07-10,09:15:00,08:25:00,1030,1,QR,QR138,ECONOMY,9,873.97,411.0,462.97,DOH,"BCN,DOH,DPS"
2026-01-26 08:31:59,BCN,DPS,2026-07-11,09:15:00,08:25:00,1030,1,QR,QR138,ECONOMY,9,964.97,502.0,462.97,DOH,"BCN,DOH,DPS"
2026-01-27 08:31:54,MAD,DPS,2026-07-09,22:45:00,22:40:00,1075,1,QR,QR152,ECONOMY,9,869.48,404.0,465.48,DOH,"MAD,DOH,DPS"
2026-01-27 08:32:00,MAD,DPS,2026-07-10,09:05:00,08:25:00,1040,1,QR,QR148,ECONOMY,9,899.48,434.0,465.48,DOH,"MAD,DOH,DPS"
2026-01-27 08:32:24,BCN,DPS,2026-07-09,09:15:00,08:25:00,1030,1,QR,QR138,ECONOMY,9,842.78,381.0,461.78,DOH,"BCN,DOH,DPS"
2026-01-27 08:32:30,BCN,DPS,2026-07-10,09:15:00,08:25:00,1030,1,QR,QR138,ECONOMY,9,872.78,411.0,461.78,DOH,"BCN,DOH,DPS"
2026-01-27 08:32:36,BCN,DPS,2026-07-11,09:15:00,08:25:00,1030,1,QR,QR138,ECONOMY,9,963.78,502.0,461.78,DOH,"BCN,DOH,DPS"
2026-01-28 08:30:35,MAD,DPS,2026-07-09,22:45:00,22:40:00,1075,1,QR,QR152,ECONOMY,9,870.52,404.0,466.52,DOH,"MAD,DOH,DPS"
2026-01-28 08:30:41,MAD,DPS,2026-07-10,09:05:00,08:25:00,1040,1,QR,QR148,ECONOMY,9,900.52,434.0,466.52,DOH,"MAD,DOH,DPS"
2026-01-28 08:31:03,BCN,DPS,2026-07-09,09:15:00,08:25:00,1030,1,QR,QR138,ECONOMY,9,843.63,381.0,462.63,DOH,"BCN,DOH,DPS"
2026-01-28 08:31:09,BCN,DPS,2026-07-10,09:15:00,08:25:00,1030,1,QR,QR138,ECONOMY,9,873.63,411.0,462.63,DOH,"BCN,DOH,DPS"
2026-01-28 08:31:14,BCN,DPS,2026-07-11,09:15:00,08:25:00,1030,1,QR,QR138,ECONOMY,9,964.63,502.0,462.63,DOH,"BCN,DOH,DPS"
2026-01-29 08:37:38,MAD,DPS,2026-07-09,22:45:00,22:40:00,1075,1,QR,QR152,ECONOMY,9,869.93,404.0,465.93,DOH,"MAD,DOH,DPS"
2026-01-29 08:37:44,MAD,DPS,2026-07-10,09:05:00,08:25:00,1040,1,QR,QR148,ECONOMY,9,899.93,434.0,465.93,DOH,"MAD,DOH,DPS"
2026-01-29 08:37:59,MAD,DPS,2026-07-12,09:05:00,08:25:00,1040,1,QR,QR148,ECONOMY,9,965.93,500.0,465.93,DOH,"MAD,DOH,DPS"
2026-01-29 08:38:08,BCN,DPS,2026-07-09,09:15:00,08:25:00,1030,1,QR,QR138,ECONOMY,9,843.04,381.0,462.04,DOH,"BCN,DOH,DPS"
2026-01-29 08:38:12,BCN,DPS,2026-07-10,09:15:00,08:25:00,1030,1,QR,QR138,ECONOMY,9,873.04,411.0,462.04,DOH,"BCN,DOH,DPS"
2026-01-29 08:38:17,BCN,DPS,2026-07-11,09:15:00,08:25:00,1030,1,QR,QR138,ECONOMY,9,964.04,502.0,462.04,DOH,"BCN,DOH,DPS"
2026-01-30 08:36:47,MAD,DPS,2026-07-09,22:45:00,22:40:00,1075,1,QR,QR152,ECONOMY,9,869.52,404.0,465.52,DOH,"MAD,DOH,DPS"
2026-01-30 08:36:54,MAD,DPS,2026-07-10,09:05:00,08:25:00,1040,1,QR,QR148,ECONOMY,9,899.52,434.0,465.52,DOH,"MAD,DOH,DPS"
2026-01-30 08:37:06,MAD,DPS,2026-07-12,09:05:00,08:25:00,1040,1,QR,QR148,ECONOMY,9,965.52,500.0,465.52,DOH,"MAD,DOH,DPS"
2026-01-30 08:37:16,BCN,DPS,2026-07-09,09:15:00,08:25:00,1030,1,QR,QR138,ECONOMY,9,842.63,381.0,461.63,DOH,"BCN,DOH,DPS"
2026-01-30 08:37:20,BCN,DPS,2026-07-10,09:15:00,08:25:00,1030,1,QR,QR138,ECONOMY,9,872.63,411.0,461.63,DOH,"BCN,DOH,DPS"
2026-01-30 08:37:26,BCN,DPS,2026-07-11,09:15:00,08:25:00,1030,1,QR,QR138,ECONOMY,9,963.63,502.0,461.63,DOH,"BCN,DOH,DPS"
2026-01-31 08:28:56,MAD,DPS,2026-07-08,22:45:00,22:40:00,1075,1,QR,QR152,ECONOMY,9,866.57,401.0,465.57,DOH,"MAD,DOH,DPS"
2026-01-31 08:29:03,MAD,DPS,2026-07-09,22:45:00,22:40:00,1075,1,QR,QR152,ECONOMY,9,869.57,404.0,465.57,DOH,"MAD,DOH,DPS"
2026-01-31 08:29:12,MAD,DPS,2026-07-10,09:05:00,08:25:00,1040,1,QR,QR148,ECONOMY,9,899.57,434.0,465.57,DOH,"MAD,DOH,DPS"
2026-01-31 08:29:26,MAD,DPS,2026-07-12,09:05:00,08:25:00,1040,1,QR,QR148,ECONOMY,9,965.57,500.0,465.57,DOH,"MAD,DOH,DPS"
2026-01-31 08:29:39,BCN,DPS,2026-07-09,09:15:00,08:25:00,1030,1,QR,QR138,ECONOMY,9,842.68,381.0,461.68,DOH,"BCN,DOH,DPS"
2026-01-31 08:29:44,BCN,DPS,2026-07-10,09:15:00,08:25:00,1030,1,QR,QR138,ECONOMY,9,872.68,411.0,461.68,DOH,"BCN,DOH,DPS"
2026-01-31 08:29:49,BCN,DPS,2026-07-11,09:15:00,08:25:00,1030,1,QR,QR138,ECONOMY,9,963.68,502.0,461.68,DOH,"BCN,DOH,DPS"
2026-02-01 08:30:47,MAD,DPS,2026-07-09,10:35:00,11:25:00,1130,1,EY,EY102,ECONOMY,9,978.22,665.0,313.22,AUH,"MAD,AUH,DPS"
2026-02-01 08:30:52,MAD,DPS,2026-07-10,18:20:00,19:15:00,1135,1,TK,TK1860,ECONOMY,5,982.67,445.0,537.67,IST,"MAD,IST,DPS"
2026-02-01 08:30:59,MAD,DPS,2026-07-11,22:05:00,22:20:00,1095,1,EK,EK144,ECONOMY,9,1045.44,641.0,404.44,DXB,"MAD,DXB,DPS"
2026-02-01 08:31:04,MAD,DPS,2026-07-12,22:05:00,22:20:00,1095,1,EK,EK144,ECONOMY,9,1020.44,616.0,404.44,DXB,"MAD,DXB,DPS"
2026-02-01 08:31:10,BCN,DPS,2026-07-08,10:45:00,11:25:00,1120,1,EY,EY112,ECONOMY,9,966.33,657.0,309.33,AUH,"BCN,AUH,DPS"
2026-02-01 08:31:15,BCN,DPS,2026-07-09,10:45:00,11:25:00,1120,1,EY,EY112,ECONOMY,6,926.33,617.0,309.33,AUH,"BCN,AUH,DPS"
2026-02-01 08:31:21,BCN,DPS,2026-07-10,10:45:00,11:25:00,1120,1,EY,EY112,ECONOMY,9,951.33,642.0,309.33,AUH,"BCN,AUH,DPS"
2026-02-01 08:31:31,BCN,DPS,2026-07-12,18:30:00,19:15:00,1125,1,TK,TK1856,ECONOMY,9,978.78,445.0,533.78,IST,"BCN,IST,DPS"
2026-02-02 08:41:18,MAD,DPS,2026-07-09,22:45:00,22:40:00,1075,1,QR,QR152,ECONOMY,9,869.57,404.0,465.57,DOH,"MAD,DOH,DPS"
2026-02-02 08:41:24,MAD,DPS,2026-07-10,09:05:00,08:25:00,1040,1,QR,QR148,ECONOMY,9,899.57,434.0,465.57,DOH,"MAD,DOH,DPS"
2026-02-02 08:41:36,MAD,DPS,2026-07-12,09:05:00,08:25:00,1040,1,QR,QR148,ECONOMY,9,964.57,499.0,465.57,DOH,"MAD,DOH,DPS"
2026-02-02 08:41:46,BCN,DPS,2026-07-09,09:15:00,08:25:00,1030,1,QR,QR138,ECONOMY,9,841.68,380.0,461.68,DOH,"BCN,DOH,DPS"
2026-02-02 08:41:51,BCN,DPS,2026-07-10,09:15:00,08:25:00,1030,1,QR,QR138,ECONOMY,9,871.68,410.0,461.68,DOH,"BCN,DOH,DPS"
2026-02-02 08:41:55,BCN,DPS,2026-07-11,09:15:00,08:25:00,1030,1,QR,QR138,ECONOMY,9,962.68,501.0,461.68,DOH,"BCN,DOH,DPS"
2026-02-03 08:34:53,MAD,DPS,2026-07-08,22:45:00,22:40:00,1075,1,QR,QR152,ECONOMY,9,866.78,400.0,466.78,DOH,"MAD,DOH,DPS"
2026-02-03 08:35:02,MAD,DPS,2026-07-09,22:45:00,22:40:00,1075,1,QR,QR152,ECONOMY,9,870.78,404.0,466.78,DOH,"MAD,DOH,DPS"
2026-02-03 08:35:07,MAD,DPS,2026-07-10,09:05:00,08:25:00,1040,1,QR,QR148,ECONOMY,9,900.78,434.0,466.78,DOH,"MAD,DOH,DPS"
2026-02-03 08:35:22,MAD,DPS,2026-07-12,09:05:00,08:25:00,1040,1,QR,QR148,ECONOMY,9,965.78,499.0,466.78,DOH,"MAD,DOH,DPS"
2026-02-03 08:35:32,BCN,DPS,2026-07-09,09:15:00,08:25:00,1030,1,QR,QR138,ECONOMY,9,842.89,380.0,462.89,DOH,"BCN,DOH,DPS"
2026-02-03 08:35:36,BCN,DPS,2026-07-10,09:15:00,08:25:00,1030,1,QR,QR138,ECONOMY,9,872.89,410.0,462.89,DOH,"BCN,DOH,DPS"
2026-02-03 08:35:40,BCN,DPS,2026-07-11,09:15:00,08:25:00,1030,1,QR,QR138,ECONOMY,9,963.89,501.0,462.89,DOH,"BCN,DOH,DPS"
2026-02-04 08:38:56,MAD,DPS,2026-07-08,22:45:00,22:40:00,1075,1,QR,QR152,ECONOMY,9,866.94,400.0,466.94,DOH,"MAD,DOH,DPS"
2026-02-04 08:39:01,MAD,DPS,2026-07-09,22:45:00,22:40:00,1075,1,QR,QR152,ECONOMY,9,870.94,404.0,466.94,DOH,"MAD,DOH,DPS"
2026-02-04 08:39:06,MAD,DPS,2026-07-10,09:05:00,08:25:00,1040,1,QR,QR148,ECONOMY,9,900.94,434.0,466.94,DOH,"MAD,DOH,DPS"
2026-02-04 08:39:20,MAD,DPS,2026-07-12,09:05:00,08:25:00,1040,1,QR,QR148,ECONOMY,9,965.94,499.0,466.94,DOH,"MAD,DOH,DPS"
2026-02-04 08:39:30,BCN,DPS,2026-07-09,09:15:00,08:25:00,1030,1,QR,QR138,ECONOMY,9,843.05,380.0,463.05,DOH,"BCN,DOH,DPS"
2026-02-04 08:39:35,BCN,DPS,2026-07-10,09:15:00,08:25:00,1030,1,QR,QR138,ECONOMY,9,873.05,410.0,463.05,DOH,"BCN,DOH,DPS"
2026-02-04 08:39:41,BCN,DPS,2026-07-11,09:15:00,08:25:00,1030,1,QR,QR138,ECONOMY,9,964.05,501.0,463.05,DOH,"BCN,DOH,DPS"
2026-02-05 08:40:41,MAD,DPS,2026-07-08,22:45:00,22:40:00,1075,1,QR,QR152,ECONOMY,9,867.24,400.0,467.24,DOH,"MAD,DOH,DPS"
2026-02-05 08:40:47,MAD,DPS,2026-07-09,22:45:00,22:40:00,1075,1,QR,QR152,ECONOMY,9,871.24,404.0,467.24,DOH,"MAD,DOH,DPS"
2026-02-05 08:40:53,MAD,DPS,2026-07-10,09:05:00,08:25:00,1040,1,QR,QR148,ECONOMY,9,901.24,434.0,467.24,DOH,"MAD,DOH,DPS"
2026-02-05 08:41:07,MAD,DPS,2026-07-12,09:05:00,08:25:00,1040,1,QR,QR148,ECONOMY,9,966.24,499.0,467.24,DOH,"MAD,DOH,DPS"
2026-02-05 08:41:17,BCN,DPS,2026-07-09,09:15:00,08:25:00,1030,1,QR,QR138,ECONOMY,9,843.35,380.0,463.35,DOH,"BCN,DOH,DPS"
2026-02-05 08:41:22,BCN,DPS,2026-07-10,09:15:00,08:25:00,1030,1,QR,QR138,ECONOMY,9,873.35,410.0,463.35,DOH,"BCN,DOH,DPS"
2026-02-05 08:41:26,BCN,DPS,2026-07-11,09:15:00,08:25:00,1030,1,QR,QR138,ECONOMY,9,964.35,501.0,463.35,DOH,"BCN,DOH,DPS"
2026-02-06 08:39:50,MAD,DPS,2026-07-09,22:45:00,22:40:00,1075,1,QR,QR152,ECONOMY,9,871.14,404.0,467.14,DOH,"MAD,DOH,DPS"
2026-02-06 08:39:58,MAD,DPS,2026-07-10,09:05:00,08:25:00,1040,1,QR,QR148,ECONOMY,9,901.14,434.0,467.14,DOH,"MAD,DOH,DPS"
2026-02-06 08:40:28,BCN,DPS,2026-07-09,09:15:00,08:25:00,1030,1,QR,QR138,ECONOMY,9,843.25,380.0,463.25,DOH,"BCN,DOH,DPS"
2026-02-06 08:40:33,BCN,DPS,2026-07-10,09:15:00,08:25:00,1030,1,QR,QR138,ECONOMY,9,873.25,410.0,463.25,DOH,"BCN,DOH,DPS"
2026-02-06 08:40:38,BCN,DPS,2026-07-11,09:15:00,08:25:00,1030,1,QR,QR138,ECONOMY,9,964.25,501.0,463.25,DOH,"BCN,DOH,DPS"
2026-02-07 08:30:10,MAD,DPS,2026-07-08,22:45:00,22:40:00,1075,1,QR,QR152,ECONOMY,9,867.34,400.0,467.34,DOH,"MAD,DOH,DPS"
2026-02-07 08:30:15,MAD,DPS,2026-07-09,22:45:00,22:40:00,1075,1,QR,QR152,ECONOMY,9,871.34,404.0,467.34,DOH,"MAD,DOH,DPS"
2026-02-07 08:30:20,MAD,DPS,2026-07-10,09:05:00,08:25:00,1040,1,QR,QR148,ECONOMY,9,901.34,434.0,467.34,DOH,"MAD,DOH,DPS"
2026-02-07 08:30:51,BCN,DPS,2026-07-09,09:15:00,08:25:00,1030,1,QR,QR138,ECONOMY,9,843.45,380.0,463.45,DOH,"BCN,DOH,DPS"
2026-02-07 08:30:55,BCN,DPS,2026-07-10,09:15:00,08:25:00,1030,1,QR,QR138,ECONOMY,9,873.45,410.0,463.45,DOH,"BCN,DOH,DPS"
2026-02-07 08:30:59,BCN,DPS,2026-07-11,09:15:00,08:25:00,1030,1,QR,QR138,ECONOMY,9,964.45,501.0,463.45,DOH,"BCN,DOH,DPS"
2026-02-08 08:31:53,MAD,DPS,2026-07-08,22:45:00,22:40:00,1075,1,QR,QR152,ECONOMY,9,867.34,400.0,467.34,DOH,"MAD,DOH,DPS"
2026-02-08 08:31:59,MAD,DPS,2026-07-09,22:45:00,22:40:00,1075,1,QR,QR152,ECONOMY,9,871.34,404.0,467.34,DOH,"MAD,DOH,DPS"
2026-02-08 08:32:04,MAD,DPS,2026-07-10,09:05:00,08:25:00,1040,1,QR,QR148,ECONOMY,9,901.34,434.0,467.34,DOH,"MAD,DOH,DPS"
2026-02-08 08:32:18,MAD,DPS,2026-07-12,09:05:00,08:25:00,1040,1,QR,QR148,ECONOMY,9,966.34,499.0,467.34,DOH,"MAD,DOH,DPS"
2026-02-08 08:32:28,BCN,DPS,2026-07-09,09:15:00,08:25:00,1030,1,QR,QR138,ECONOMY,9,843.45,380.0,463.45,DOH,"BCN,DOH,DPS"
2026-02-08 08:32:32,BCN,DPS,2026-07-10,09:15:00,08:25:00,1030,1,QR,QR138,ECONOMY,9,873.45,410.0,463.45,DOH,"BCN,DOH,DPS"
2026-02-08 08:32:36,BCN,DPS,2026-07-11,09:15:00,08:25:00,1030,1,QR,QR138,ECONOMY,9,964.45,501.0,463.45,DOH,"BCN,DOH,DPS"
2026-02-09 08:52:50,MAD,DPS,2026-07-08,22:45:00,22:40:00,1075,1,QR,QR152,ECONOMY,9,867.34,400.0,467.34,DOH,"MAD,DOH,DPS"
2026-02-09 08:52:55,MAD,DPS,2026-07-09,22:45:00,22:40:00,1075,1,QR,QR152,ECONOMY,9,871.34,404.0,467.34,DOH,"MAD,DOH,DPS"
2026-02-09 08:53:00,MAD,DPS,2026-07-10,09:05:00,08:25:00,1040,1,QR,QR148,ECONOMY,9,901.34,434.0,467.34,DOH,"MAD,DOH,DPS"
2026-02-09 08:53:10,MAD,DPS,2026-07-12,09:05:00,08:25:00,1040,1,QR,QR148,ECONOMY,9,966.34,499.0,467.34,DOH,"MAD,DOH,DPS"
2026-02-09 08:53:20,BCN,DPS,2026-07-09,09:15:00,08:25:00,1030,1,QR,QR138,ECONOMY,9,843.45,380.0,463.45,DOH,"BCN,DOH,DPS"
2026-02-09 08:53:25,BCN,DPS,2026-07-10,09:15:00,08:25:00,1030,1,QR,QR138,ECONOMY,9,873.45,410.0,463.45,DOH,"BCN,DOH,DPS"
2026-02-09 08:53:29,BCN,DPS,2026-07-11,09:15:00,08:25:00,1030,1,QR,QR138,ECONOMY,9,964.45,501.0,463.45,DOH,"BCN,DOH,DPS"
2026-02-10 08:54:31,MAD,DPS,2026-07-08,22:45:00,22:40:00,1075,1,QR,QR152,ECONOMY,9,867.1,400.0,467.1,DOH,"MAD,DOH,DPS"
2026-02-10 08:54:37,MAD,DPS,2026-07-09,22:45:00,22:40:00,1075,1,QR,QR152,ECONOMY,9,871.1,404.0,467.1,DOH,"MAD,DOH,DPS"
2026-02-10 08:54:43,MAD,DPS,2026-07-10,09:05:00,08:25:00,1040,1,QR,QR148,ECONOMY,9,901.1,434.0,467.1,DOH,"MAD,DOH,DPS"
2026-02-10 08:54:58,MAD,DPS,2026-07-12,09:05:00,08:25:00,1040,1,QR,QR148,ECONOMY,9,966.1,499.0,467.1,DOH,"MAD,DOH,DPS"
2026-02-10 08:55:07,BCN,DPS,2026-07-09,09:15:00,08:25:00,1030,1,QR,QR138,ECONOMY,9,843.21,380.0,463.21,DOH,"BCN,DOH,DPS"
2026-02-10 08:55:12,BCN,DPS,2026-07-10,09:15:00,08:25:00,1030,1,QR,QR138,ECONOMY,9,873.21,410.0,463.21,DOH,"BCN,DOH,DPS"
2026-02-10 08:55:17,BCN,DPS,2026-07-11,09:15:00,08:25:00,1030,1,QR,QR138,ECONOMY,9,964.21,501.0,463.21,DOH,"BCN,DOH,DPS"
2026-02-11 08:47:04,MAD,DPS,2026-07-08,22:45:00,22:40:00,1075,1,QR,QR152,ECONOMY,9,866.5,400.0,466.5,DOH,"MAD,DOH,DPS"
2026-02-11 08:47:11,MAD,DPS,2026-07-09,22:45:00,22:40:00,1075,1,QR,QR152,ECONOMY,9,870.5,404.0,466.5,DOH,"MAD,DOH,DPS"
2026-02-11 08:47:17,MAD,DPS,2026-07-10,09:05:00,08:25:00,1040,1,QR,QR148,ECONOMY,9,900.5,434.0,466.5,DOH,"MAD,DOH,DPS"
2026-02-11 08:47:29,MAD,DPS,2026-07-12,09:05:00,08:25:00,1040,1,QR,QR148,ECONOMY,9,965.5,499.0,466.5,DOH,"MAD,DOH,DPS"
2026-02-11 08:47:40,BCN,DPS,2026-07-09,09:15:00,08:25:00,1030,1,QR,QR138,ECONOMY,9,842.61,380.0,462.61,DOH,"BCN,DOH,DPS"
2026-02-11 08:47:44,BCN,DPS,2026-07-10,09:15:00,08:25:00,1030,1,QR,QR138,ECONOMY,9,872.61,410.0,462.61,DOH,"BCN,DOH,DPS"
2026-02-11 08:47:49,BCN,DPS,2026-07-11,09:15:00,08:25:00,1030,1,QR,QR138,ECONOMY,9,963.61,501.0,462.61,DOH,"BCN,DOH,DPS"
2026-02-12 08:44:12,MAD,DPS,2026-07-08,22:45:00,22:40:00,1075,1,QR,QR152,ECONOMY,9,863.23,397.0,466.23,DOH,"MAD,DOH,DPS"
2026-02-12 08:44:17,MAD,DPS,2026-07-09,22:45:00,22:40:00,1075,1,QR,QR152,ECONOMY,9,867.23,401.0,466.23,DOH,"MAD,DOH,DPS"
2026-02-12 08:44:23,MAD,DPS,2026-07-10,09:05:00,08:25:00,1040,1,QR,QR148,ECONOMY,9,897.23,431.0,466.23,DOH,"MAD,DOH,DPS"
2026-02-12 08:44:35,MAD,DPS,2026-07-12,09:05:00,08:25:00,1040,1,QR,QR148,ECONOMY,9,940.23,474.0,466.23,DOH,"MAD,DOH,DPS"
2026-02-12 08:44:46,BCN,DPS,2026-07-09,09:15:00,08:25:00,1030,1,QR,QR138,ECONOMY,9,840.34,378.0,462.34,DOH,"BCN,DOH,DPS"
2026-02-12 08:44:51,BCN,DPS,2026-07-10,09:15:00,08:25:00,1030,1,QR,QR138,ECONOMY,9,870.34,408.0,462.34,DOH,"BCN,DOH,DPS"
2026-02-12 08:44:57,BCN,DPS,2026-07-11,09:15:00,08:25:00,1030,1,QR,QR138,ECONOMY,9,944.34,482.0,462.34,DOH,"BCN,DOH,DPS"
2026-02-13 08:40:47,MAD,DPS,2026-07-08,22:45:00,22:40:00,1075,1,QR,QR152,ECONOMY,9,863.32,397.0,466.32,DOH,"MAD,DOH,DPS"
2026-02-13 08:40:53,MAD,DPS,2026-07-09,22:45:00,22:40:00,1075,1,QR,QR152,ECONOMY,9,867.32,401.0,466.32,DOH,"MAD,DOH,DPS"
2026-02-13 08:40:59,MAD,DPS,2026-07-10,09:05:00,08:25:00,1040,1,QR,QR148,ECONOMY,9,897.32,431.0,466.32,DOH,"MAD,DOH,DPS"
2026-02-13 08:41:13,MAD,DPS,2026-07-12,09:05:00,08:25:00,1040,1,QR,QR148,ECONOMY,9,940.32,474.0,466.32,DOH,"MAD,DOH,DPS"
2026-02-13 08:41:21,BCN,DPS,2026-07-09,09:15:00,08:25:00,1030,1,QR,QR138,ECONOMY,9,840.43,378.0,462.43,DOH,"BCN,DOH,DPS"
2026-02-13 08:41:25,BCN,DPS,2026-07-10,09:15:00,08:25:00,1030,1,QR,QR138,ECONOMY,9,870.43,408.0,462.43,DOH,"BCN,DOH,DPS"
2026-02-13 08:41:30,BCN,DPS,2026-07-11,09:15:00,08:25:00,1030,1,QR,QR138,ECONOMY,9,944.43,482.0,462.43,DOH,"BCN,DOH,DPS"
2026-02-14 08:30:21,MAD,DPS,2026-07-08,22:45:00,22:40:00,1075,1,QR,QR152,ECONOMY,9,863.57,397.0,466.57,DOH,"MAD,DOH,DPS"
2026-02-14 08:30:26,MAD,DPS,2026-07-09,22:45:00,22:40:00,1075,1,QR,QR152,ECONOMY,9,867.57,401.0,466.57,DOH,"MAD,DOH,DPS"
2026-02-14 08:30:35,MAD,DPS,2026-07-10,09:05:00,08:25:00,1040,1,QR,QR148,ECONOMY,9,897.57,431.0,466.57,DOH,"MAD,DOH,DPS"
2026-02-14 08:30:47,MAD,DPS,2026-07-12,09:05:00,08:25:00,1040,1,QR,QR148,ECONOMY,9,940.57,474.0,466.57,DOH,"MAD,DOH,DPS"
2026-02-14 08:30:58,BCN,DPS,2026-07-09,09:15:00,08:25:00,1030,1,QR,QR138,ECONOMY,9,840.68,378.0,462.68,DOH,"BCN,DOH,DPS"
2026-02-14 08:31:04,BCN,DPS,2026-07-10,09:15:00,08:25:00,1030,1,QR,QR138,ECONOMY,9,870.68,408.0,462.68,DOH,"BCN,DOH,DPS"
2026-02-14 08:31:08,BCN,DPS,2026-07-11,09:15:00,08:25:00,1030,1,QR,QR138,ECONOMY,9,944.68,482.0,462.68,DOH,"BCN,DOH,DPS"
2026-02-15 08:31:45,MAD,DPS,2026-07-09,22:45:00,22:40:00,1075,1,QR,QR152,ECONOMY,9,867.57,401.0,466.57,DOH,"MAD,DOH,DPS"
2026-02-15 08:31:52,MAD,DPS,2026-07-10,09:05:00,08:25:00,1040,1,QR,QR148,ECONOMY,9,897.57,431.0,466.57,DOH,"MAD,DOH,DPS"
2026-02-15 08:32:03,MAD,DPS,2026-07-12,09:05:00,08:25:00,1040,1,QR,QR148,ECONOMY,9,940.57,474.0,466.57,DOH,"MAD,DOH,DPS"
2026-02-15 08:32:13,BCN,DPS,2026-07-09,09:15:00,08:25:00,1030,1,QR,QR138,ECONOMY,9,840.68,378.0,462.68,DOH,"BCN,DOH,DPS"
2026-02-15 08:32:18,BCN,DPS,2026-07-10,09:15:00,08:25:00,1030,1,QR,QR138,ECONOMY,9,870.68,408.0,462.68,DOH,"BCN,DOH,DPS"
2026-02-15 08:32:23,BCN,DPS,2026-07-11,09:15:00,08:25:00,1030,1,QR,QR138,ECONOMY,9,944.68,482.0,462.68,DOH,"BCN,DOH,DPS"
